"","abrev","Yindex","Year","FelOth","CivAdd","Total","DesCap","PercCap","StaffCap","name"
"1","ASP",120,1995,5705,0,5705,3034,188,5793,NA
"2","CCC",129,1995,5763,0,5763,3682,156.5,5637,NA
"3","CCI",138,1995,5697,2,5699,2757,206.7,5728,NA
"4","CIM",147,1995,5645,55,5700,2778,205.2,5371,NA
"5","CMF",165,1995,3050,0,3050,2335,130.6,3339,NA
"6","CMC",174,1995,6128,0,6128,3859,158.8,6474,NA
"7","CRC",183,1995,1465,2482,3947,1814,217.6,3906,NA
"8","CAL",192,1995,3863,0,3863,2208,175,4008,NA
"9","CEN",210,1995,3955,0,3955,2208,179.1,4248,NA
"10","COR",219,1995,5071,1,5072,2916,173.9,4736,NA
"11","LAC",228,1995,4002,0,4002,2200,181.9,4000,NA
"12","SAC",237,1995,3229,0,3229,1728,186.9,3108,NA
"13","SQ",255,1995,5393,62,5455,3187,171.2,5412,NA
"14","SOL",264,1995,4723,0,4723,2404,196.5,4830,NA
"15","CVSP",273,1995,3534,0,3534,2200,160.6,3579,NA
"16","CTF",282,1995,6200,0,6200,2885,214.9,6461,NA
"17","DVI",300,1995,3339,23,3362,1691,198.8,3396,NA
"18","FOL",310,1995,3715,0,3715,2064,180,3710,NA
"19","IRON",319,1995,3823,0,3823,2200,173.8,3500,NA
"20","MCSP",328,1995,3504,0,3504,1700,206.1,3478,NA
"21","NKSP",346,1995,4344,4,4348,2492,174.5,4372,NA
"22","PBSP",355,1995,3565,0,3565,2280,156.4,3730,NA
"23","PVSP",364,1995,3634,0,3634,2208,164.6,2208,NA
"24","RJD",373,1995,4615,1,4616,2200,209.8,4516,NA
"25","SRTA",391,1995,812,0,812,395,205.6,750,NA
"26","SCC",400,1995,5416,0,5416,3606,150.2,5884,NA
"27","WSP",409,1995,4580,55,4635,2484,186.6,4484,NA
"28","MALE",437,1995,114770,2685,117455,65515,179.3,116658,NA
"29","CIW",482,1995,1826,31,1857,1026,181,1904,NA
"30","CRC",491,1995,153,707,860,500,172,842,NA
"31","CCWF",500,1995,3393,28,3421,2000,171.1,3966,NA
"32","NCWF",509,1995,755,5,760,400,190,760,NA
"33","SCC",519,1995,331,0,331,320,103.4,320,NA
"34","VSP",528,1995,1204,0,1204,1084,111.1,1084,NA
"35","FEMALE",555,1995,7662,771,8433,5330,158.2,8876,NA
"36","INSTITUTIONS/CAMPS",591,1995,122432,3456,125888,70845,177.7,125534,NA
"37","ASP",120,1996,5733,0,5733,2320,247.1,5793,NA
"38","CCC",129,1996,5952,1,5953,3682,161.7,5637,NA
"39","CCI",138,1996,5959,0,5959,2781,214.3,5942,NA
"40","CIM",147,1996,5875,47,5922,2778,213.2,5971,NA
"41","CMF",165,1996,3158,0,3158,2315,136.4,3377,NA
"42","CMC",174,1996,6254,0,6254,3884,161,6474,NA
"43","CRC",183,1996,2171,1797,3968,1814,218.7,3906,NA
"44","CAL",192,1996,3773,0,3773,2208,170.9,4108,NA
"45","CEN",210,1996,4497,0,4497,2208,203.7,4368,NA
"46","COR",219,1996,4672,0,4672,2916,160.2,5084,NA
"47","LAC",228,1996,4134,0,4134,2200,187.9,4120,NA
"48","SAC",237,1996,3225,2,3227,1728,186.7,3204,NA
"49","SQ",255,1996,5703,28,5731,3283,174.6,5721,NA
"50","SOL",264,1996,4757,0,4757,2110,225.5,4777,NA
"51","CVSP",273,1996,3472,0,3472,1738,199.8,3579,NA
"52","CTF",282,1996,6302,2,6304,2981,211.5,6461,NA
"53","DVI",300,1996,3499,30,3529,1787,197.5,3706,NA
"54","FOL",310,1996,3842,1,3843,2064,186.2,3710,NA
"55","HDP",319,1996,4041,2,4043,2224,181.8,4046,NA
"56","IRON",328,1996,4315,0,4315,2200,196.1,4360,NA
"57","MCSP",346,1996,3618,0,3618,1700,212.8,3562,NA
"58","NKSP",355,1996,4529,1,4530,2492,181.8,4472,NA
"59","PBSP",364,1996,3463,0,3463,2280,151.9,3711,NA
"60","PVSP",373,1996,4515,0,4515,2208,204.5,4488,NA
"61","RJD",391,1996,4526,0,4526,2200,205.7,4566,NA
"62","SVSP",400,1996,1780,0,1780,700,254.3,700,NA
"63","SRTA",409,1996,768,1,769,0,0,750,NA
"64","SCC",419,1996,5907,0,5907,3606,163.8,5884,NA
"65","WSP",437,1996,4470,28,4498,2484,181.1,4484,NA
"66","MALE",464,1996,124910,1940,126850,66891,189.6,126961,NA
"67","CIW",509,1996,1709,23,1732,1026,168.8,1646,NA
"68","CRC",519,1996,211,651,862,500,172.4,842,NA
"69","CCWF",528,1996,2897,13,2910,2004,145.2,2914,NA
"70","NCWF",537,1996,775,5,780,400,195,760,NA
"71","SCC",546,1996,329,0,329,320,102.8,320,NA
"72","VSP",555,1996,2789,31,2820,1980,142.4,2592,NA
"73","FEMALE",582,1996,8710,723,9433,6230,151.4,9074,NA
"74","INSTITUTIONS/CAMPS",618,1996,133620,2663,136283,73121,186.4,136035,NA
"75","ASP",120,1997,5727,0,5727,2320,246.9,5793,NA
"76","CCC",129,1997,5920,0,5920,3682,160.8,5637,NA
"77","CCI",138,1997,5942,1,5943,2781,213.7,5992,NA
"78","CIM",147,1997,6484,48,6532,3078,212.2,6318,NA
"79","CMF",165,1997,3122,0,3122,2315,134.9,3377,NA
"80","CMC",174,1997,6681,0,6681,3884,172,6474,NA
"81","CRC",183,1997,2438,1670,4108,1814,226.5,4001,NA
"82","CAL",192,1997,4054,0,4054,2208,183.6,4108,NA
"83","CEN",210,1997,4350,0,4350,2208,197,4588,NA
"84","COR",219,1997,5052,0,5052,2916,173.3,4963,NA
"85","LAC",228,1997,4167,0,4167,2200,189.4,4120,NA
"86","SAC",237,1997,3276,2,3278,1728,189.7,3204,NA
"87","SQ",255,1997,5763,30,5793,3283,176.5,5694,NA
"88","SOL",264,1997,5857,0,5857,2110,277.6,4777,NA
"89","CVSP",273,1997,3568,0,3568,1738,205.3,3679,NA
"90","CTF",282,1997,7021,2,7023,3281,214.1,7061,NA
"91","DVI",300,1997,3856,33,3889,1787,217.6,3706,NA
"92","FOL",310,1997,3854,0,3854,2071,186.1,3723,NA
"93","HDP",319,1997,4282,1,4283,2224,192.6,4166,NA
"94","IRON",328,1997,4580,0,4580,2200,208.2,4580,NA
"95","MCSP",346,1997,3680,0,3680,1700,216.5,3562,NA
"96","NKSP",355,1997,5092,0,5092,2692,189.2,5104,NA
"97","PDC",364,1997,1318,0,1318,0,0,700,NA
"98","PBSP",373,1997,3785,0,3785,2280,166,3711,NA
"99","PVSP",391,1997,4697,0,4697,2208,212.7,4588,NA
"100","RJD",400,1997,4586,0,4586,2200,208.5,4668,NA
"101","SVSP",409,1997,4235,0,4235,2224,190.4,4046,NA
"102","SRTA",419,1997,696,1,697,0,0,750,NA
"103","SCC",437,1997,5991,1,5992,3606,166.2,5884,NA
"104","WSP",446,1997,5726,48,5774,2984,193.5,6044,NA
"105","MALE",473,1997,135800,1837,137637,69722,197.4,135018,NA
"106","CIW",519,1997,1774,20,1794,1026,174.9,1663,NA
"107","CRC",528,1997,371,528,899,500,179.8,842,NA
"108","CCWF",537,1997,3443,9,3452,2004,172.3,3274,NA
"109","NCWF",546,1997,739,1,740,400,185,760,NA
"110","SCC",555,1997,324,0,324,320,101.3,320,NA
"111","VSP",564,1997,3289,15,3304,1980,166.9,3090,NA
"112","FEMALE",591,1997,9940,573,10513,6230,168.7,9949,NA
"113","INSTITUTIONS/CAMPS",627,1997,145740,2410,148150,75952,195.1,144967,NA
"114","ASP",120,1998,5738,0,5738,2320,247.3,5793,NA
"115","CCC",129,1998,5977,0,5977,3682,162.3,5657,NA
"116","CCI",138,1998,5956,1,5957,2781,214.2,5992,NA
"117","CIM",147,1998,6443,32,6475,3078,210.4,6318,NA
"118","CMF",165,1998,3217,0,3217,2315,139,3377,NA
"119","CMC",174,1998,6661,0,6661,3884,171.5,6724,NA
"120","CRC",183,1998,2570,1400,3970,1814,218.9,3906,NA
"121","CAL",192,1998,4061,0,4061,2208,183.9,4108,NA
"122","CEN",210,1998,4406,1,4407,2208,199.6,4468,NA
"123","COR",219,1998,4890,0,4890,3016,162.1,5063,NA
"124","LAC",228,1998,4098,0,4098,2200,186.3,4100,NA
"125","SAC",237,1998,3193,0,3193,1728,184.8,3204,NA
"126","SQ",255,1998,5809,20,5829,3283,177.6,5667,NA
"127","SOL",264,1998,5544,1,5545,2610,212.5,5552,NA
"128","CVSP",282,1998,3632,0,3632,1738,209,3679,NA
"129","CTF",300,1998,7161,0,7161,3281,218.3,6941,NA
"130","DVI",310,1998,3626,39,3665,1787,205.1,3606,NA
"131","FOL",319,1998,3831,0,3831,2072,184.9,3725,NA
"132","HDP",328,1998,3931,1,3932,2224,176.8,4046,NA
"133","IRON",346,1998,4312,0,4312,2200,196,4340,NA
"134","MCSP",355,1998,3664,0,3664,1700,215.5,3562,NA
"135","NKSP",364,1998,4701,3,4704,2692,174.7,5104,NA
"136","PDC",373,1998,1197,0,1197,0,0,1400,NA
"137","PBSP",391,1998,3519,1,3520,2280,154.4,3711,NA
"138","PVSP",400,1998,4384,0,4384,2208,198.6,4348,NA
"139","RJD",409,1998,4688,1,4689,2200,213.1,4698,NA
"140","SVSP",419,1998,4118,0,4118,2224,185.2,4046,NA
"141","SRTA",437,1998,683,0,683,0,0,750,NA
"142","SCC",446,1998,5780,1,5781,3606,160.3,5884,NA
"143","WSP",455,1998,5395,35,5430,2984,182,5812,NA
"144","MALE",482,1998,139412,1540,140952,73647,191.4,140464,NA
"145","CIW",528,1998,1832,20,1852,1026,180.5,1747,NA
"146","CRC",537,1998,363,526,889,500,177.8,842,NA
"147","CCWF",546,1998,3699,3,3702,2004,184.7,3526,NA
"148","NCWF",555,1998,771,6,777,400,194.3,760,NA
"149","SCC",564,1998,338,0,338,320,105.6,320,NA
"150","VSP",573,1998,3466,12,3478,1980,175.7,3330,NA
"151","FEMALE",600,1998,10469,567,11036,6230,177.1,10525,NA
"152","INSTITUTIONS/CAMPS",636,1998,149881,2107,151988,79877,190.3,150989,NA
"153","ASP",120,1999,6087,0,6087,2320,262.4,5793,NA
"154","CCC",129,1999,5957,0,5957,3682,161.8,5657,NA
"155","CCI",138,1999,5823,0,5823,2781,209.4,5992,NA
"156","CIM",147,1999,6183,36,6219,3078,202,6318,NA
"157","CMF",165,1999,3094,0,3094,2315,133.7,3401,NA
"158","CMC",174,1999,6941,0,6941,3884,178.7,6724,NA
"159","CRC",183,1999,2957,1108,4065,1814,224.1,4001,NA
"160","CAL",192,1999,4121,0,4121,2208,186.6,4108,NA
"161","CEN",210,1999,4574,0,4574,2208,207.2,4588,NA
"162","COR",219,1999,5002,0,5002,3016,165.8,5063,NA
"163","LAC",228,1999,4172,0,4172,2200,189.6,4220,NA
"164","SAC",237,1999,3010,0,3010,1728,174.2,3254,NA
"165","SQ",255,1999,5851,25,5876,3279,179.2,5634,NA
"166","SOL",264,1999,5871,1,5872,2610,225,5777,NA
"167","CVSP",282,1999,3660,0,3660,1738,210.6,3679,NA
"168","CTF",300,1999,7236,0,7236,3281,220.5,7161,NA
"169","DVI",310,1999,3710,31,3741,1787,209.3,3706,NA
"170","FOL",319,1999,3810,0,3810,2072,183.9,3725,NA
"171","HDP",328,1999,4254,3,4257,2224,191.4,4166,NA
"172","IRON",346,1999,4539,0,4539,2200,206.3,4460,NA
"173","MCSP",355,1999,3547,0,3547,1700,208.6,3562,NA
"174","NKSP",364,1999,5001,1,5002,2692,185.8,5104,NA
"175","PDC",373,1999,1136,0,1136,0,0,1100,NA
"176","PBSP",391,1999,3391,0,3391,2280,148.7,3550,NA
"177","PVSP",400,1999,4681,0,4681,2208,212,4588,NA
"178","RJD",409,1999,4725,0,4725,2200,214.8,4698,NA
"179","SVSP",419,1999,4233,0,4233,2224,190.3,4266,NA
"180","SRTA",437,1999,732,0,732,0,0,750,NA
"181","SCC",446,1999,5955,0,5955,3606,165.1,5884,NA
"182","WSP",455,1999,5476,21,5497,2984,184.2,5580,NA
"183","MALE",482,1999,142112,1227,143339,73643,194.6,142614,NA
"184","CIW",528,1999,1854,17,1871,1026,182.4,1747,NA
"185","CRC",537,1999,349,441,790,500,158,842,NA
"186","CCWF",546,1999,3563,1,3564,2004,177.8,3753,NA
"187","NCWF",555,1999,749,2,751,400,187.8,760,NA
"188","SCC",564,1999,340,0,340,320,106.3,320,NA
"189","VSP",573,1999,3615,14,3629,1980,183.3,3664,NA
"190","FEMALE",600,1999,10470,475,10945,6230,175.7,11086,NA
"191","INSTITUTIONS/CAMPS",636,1999,152582,1702,154284,79873,193.2,153700,NA
"192","ASP",119,2000,6603,0,6603,2820,234.1,6678,NA
"193","CCC",128,2000,5913,0,5913,3682,160.6,5642,NA
"194","CCI",137,2000,5262,0,5262,2781,189.2,5497,NA
"195","CIM",146,2000,6285,49,6334,3078,205.8,6303,NA
"196","CMF",164,2000,2961,0,2961,2315,127.9,3401,NA
"197","CMC",173,2000,6694,0,6694,3884,172.3,6724,NA
"198","CRC",182,2000,2632,1357,3989,1814,219.9,3952,NA
"199","CAL",191,2000,4097,0,4097,2208,185.6,4068,NA
"200","CEN",210,2000,4516,0,4516,2208,204.5,4573,NA
"201","COR",219,2000,4805,0,4805,3016,159.3,4903,NA
"202","LAC",228,2000,4184,0,4184,2200,190.2,4140,NA
"203","SAC",237,2000,2966,0,2966,1728,171.6,3144,NA
"204","SQ",255,2000,5830,18,5848,3273,178.7,5533,NA
"205","SOL",264,2000,5790,0,5790,2610,221.8,5762,NA
"206","CVSP",282,2000,3621,0,3621,1738,208.3,3664,NA
"207","CTF",300,2000,7213,0,7213,3281,219.8,7161,NA
"208","DVI",309,2000,3818,29,3847,1787,215.3,3909,NA
"209","FOL",318,2000,3822,0,3822,2072,184.5,3725,NA
"210","HDP",327,2000,4338,5,4343,2224,195.3,4310,NA
"211","IRON",346,2000,4587,0,4587,2200,208.5,4565,NA
"212","MCSP",355,2000,3540,0,3540,1700,208.2,3537,NA
"213","NKSP",364,2000,4934,6,4940,2692,183.5,5089,NA
"214","PDC",373,2000,1408,0,1408,0,0,1100,NA
"215","PBSP",391,2000,3290,1,3291,2280,144.3,3376,NA
"216","PVSP",400,2000,4647,0,4647,2208,210.5,4573,NA
"217","RJD",409,2000,4694,0,4694,2200,213.4,4673,NA
"218","SVSP",418,2000,4206,0,4206,2224,189.1,4156,NA
"219","SRTA",436,2000,753,0,753,0,0,750,NA
"220","SCC",445,2000,6059,0,6059,3606,168,5869,NA
"221","WSP",454,2000,5881,31,5912,2984,198.1,5797,NA
"222","MALE",481,2000,141657,1505,143162,74137,193.1,143024,NA
"223","CIW",527,2000,1851,30,1881,1026,183.3,1742,NA
"224","CRC",536,2000,301,500,801,500,160.2,842,NA
"225","CCWF",545,2000,3434,6,3440,2004,171.7,3463,NA
"226","NCWF",554,2000,756,2,758,400,189.5,755,NA
"227","SCC",563,2000,325,0,325,320,101.6,320,NA
"228","VSP",572,2000,3428,7,3435,1980,173.5,3503,NA
"229","FEMALE",599,2000,10095,545,10640,6230,170.8,10625,NA
"230","INSTITUTIONS/CAMPS",636,2000,151752,2050,153802,80367,191.4,153649,NA
"231","ASP",119,2001,6852,0,6852,2920,234.7,6978,NA
"232","CCC",128,2001,5880,0,5880,3682,159.7,5642,NA
"233","CCI",137,2001,5544,0,5544,2781,199.4,5741,NA
"234","CIM",146,2001,6116,18,6134,3078,199.3,6303,NA
"235","CMF",164,2001,3268,0,3268,2315,141.2,3401,NA
"236","CMC",173,2001,6573,1,6574,3884,169.3,6604,NA
"237","CRC",182,2001,2697,1268,3965,1814,218.6,3952,NA
"238","CAL",191,2001,4138,0,4138,2208,187.4,4068,NA
"239","CEN",210,2001,4450,0,4450,2208,201.5,4693,NA
"240","COR",219,2001,5112,1,5113,3016,169.5,5140,NA
"241","LAC",228,2001,4124,0,4124,2200,187.5,4140,NA
"242","SAC",237,2001,3015,0,3015,1728,174.5,3042,NA
"243","SQ",255,2001,5549,9,5558,3273,169.8,5533,NA
"244","SOL",264,2001,5751,0,5751,2610,220.3,5852,NA
"245","CVSP",282,2001,3620,0,3620,1738,208.3,3664,NA
"246","CTF",300,2001,6503,0,6503,3281,198.2,6601,NA
"247","DVI",309,2001,3811,18,3829,1787,214.3,3941,NA
"248","FOL",318,2001,3819,0,3819,2072,184.3,3725,NA
"249","HDP",327,2001,4256,3,4259,2224,191.5,4310,NA
"250","IRON",346,2001,4599,0,4599,2200,209,4565,NA
"251","MCSP",355,2001,3493,0,3493,1700,205.5,3697,NA
"252","NKSP",364,2001,4917,3,4920,2692,182.8,5089,NA
"253","PDC",373,2001,1430,0,1430,0,0,1292,NA
"254","PBSP",391,2001,3366,0,3366,2280,147.6,3494,NA
"255","PVSP",400,2001,4641,0,4641,2208,210.2,4573,NA
"256","RIO",409,2001,282,3,285,0,0,250,NA
"257","RJD",418,2001,4627,0,4627,2200,210.3,4673,NA
"258","SVSP",436,2001,4223,0,4223,2224,189.9,4156,NA
"259","SRTA",445,2001,750,0,750,0,0,750,NA
"260","SCC",454,2001,5972,0,5972,3606,165.6,5869,NA
"261","WSP",463,2001,5544,17,5561,2984,186.4,5797,NA
"262","MALE",491,2001,141248,1348,142596,74237,192.1,143985,NA
"263","CIW",536,2001,1779,7,1786,1026,174.1,1742,NA
"264","CRC",545,2001,434,365,799,500,159.8,751,NA
"265","CCWF",554,2001,3142,5,3147,2004,157,3386,NA
"266","NCWF",563,2001,734,0,734,400,183.5,755,NA
"267","SCC",572,2001,328,0,328,320,102.5,320,NA
"268","VSP",581,2001,3185,7,3192,1980,161.2,3324,NA
"269","FEMALE",608,2001,9602,384,9986,6230,160.3,10278,NA
"270","INSTITUTIONS/CAMPS",645,2001,150850,1732,152582,80467,189.6,154263,NA
"271","ASP",119,2002,6865,0,6865,2920,235.1,6778,NA
"272","CCC",128,2002,5918,0,5918,3682,160.7,5642,NA
"273","CCI",137,2002,5339,0,5339,2781,192,5600,NA
"274","CIM",146,2002,6524,28,6552,3078,212.9,6265,NA
"275","CMF",164,2002,3308,0,3308,2315,142.9,3401,NA
"276","CMC",173,2002,6540,0,6540,3884,168.4,6604,NA
"277","CRC",182,2002,2913,1023,3936,1814,217,3952,NA
"278","CAL",191,2002,4045,0,4045,2208,183.2,4068,NA
"279","CEN",210,2002,4512,0,4512,2208,204.3,4668,NA
"280","COR",219,2002,4986,0,4986,3016,165.3,5019,NA
"281","LAC",228,2002,4027,0,4027,2200,183,4100,NA
"282","SAC",237,2002,2970,0,2970,1728,171.9,3042,NA
"283","SQ",255,2002,5614,4,5618,3273,171.6,5533,NA
"284","SOL",264,2002,5823,0,5823,2610,223.1,5852,NA
"285","CVSP",282,2002,3660,0,3660,1738,210.6,3664,NA
"286","CTF",300,2002,6298,0,6298,3281,192,6301,NA
"287","DVI",309,2002,3902,11,3913,1787,219,3941,NA
"288","FOL",318,2002,3668,0,3668,2072,177,3725,NA
"289","HDP",327,2002,4177,2,4179,2224,187.9,4260,NA
"290","IRON",346,2002,4602,0,4602,2200,209.2,4565,NA
"291","MCSP",355,2002,3666,0,3666,1700,215.6,3671,NA
"292","NKSP",364,2002,5103,2,5105,2692,189.6,5089,NA
"293","PDC",373,2002,1287,0,1287,0,0,1292,NA
"294","PBSP",391,2002,3272,0,3272,2280,143.5,3494,NA
"295","PVSP",400,2002,4648,0,4648,2208,210.5,4573,NA
"296","RIO",409,2002,256,0,256,0,0,250,NA
"297","RJD",418,2002,4608,1,4609,2200,209.5,4673,NA
"298","SVSP",436,2002,4212,0,4212,2224,189.4,4376,NA
"299","SRTA",445,2002,765,0,765,0,0,750,NA
"300","SCC",454,2002,5994,0,5994,3606,166.2,5869,NA
"301","WSP",463,2002,5985,14,5999,2984,201,5893,NA
"302","MALE",491,2002,141958,1087,143045,74237,192.7,143565,NA
"303","CIW",536,2002,1784,10,1794,1026,174.9,1564,NA
"304","CRC",545,2002,343,280,623,500,124.6,680,NA
"305","CCWF",554,2002,3088,3,3091,2004,154.2,2853,NA
"306","NCWF",563,2002,716,2,718,400,179.5,630,NA
"307","SCC",572,2002,308,0,308,320,96.3,320,NA
"308","VSP",581,2002,3047,11,3058,1980,154.4,3247,NA
"309","FEMALE",608,2002,9286,306,9592,6230,154,9294,NA
"310","INSTITUTIONS/CAMPS",645,2002,151244,1393,152637,80467,189.7,152859,NA
"311","ASP",119,2003,6880,0,6880,2920,235.6,6828,NA
"312","CCC",128,2003,5992,0,5992,3682,162.7,5642,NA
"313","CCI",137,2003,5398,0,5398,2781,194.1,5600,NA
"314","CIM",146,2003,6483,33,6516,3078,211.7,6465,NA
"315","CMF",164,2003,3292,0,3292,2315,142.2,3401,NA
"316","CMC",173,2003,6500,0,6500,3884,167.4,6604,NA
"317","CRC",182,2003,2935,1024,3959,1814,218.2,3952,NA
"318","CAL",191,2003,4162,0,4162,2208,188.5,4308,NA
"319","CEN",210,2003,4581,0,4581,2208,207.5,4883,NA
"320","COR",219,2003,5062,0,5062,3016,167.8,5184,NA
"321","LAC",228,2003,4244,0,4244,2200,192.9,4455,NA
"322","SAC",237,2003,3002,0,3002,1728,173.7,3058,NA
"323","SQ",255,2003,5333,12,5345,3273,163.3,5533,NA
"324","SOL",264,2003,5817,0,5817,2610,222.9,5852,NA
"325","CVSP",282,2003,3778,0,3778,1738,217.4,3764,NA
"326","CTF",300,2003,7150,0,7150,3281,217.9,7001,NA
"327","DVI",309,2003,3919,15,3934,1787,220.1,3941,NA
"328","FOL",318,2003,3753,0,3753,2072,181.1,3846,NA
"329","HDP",327,2003,4322,1,4323,2344,184.4,4190,NA
"330","IRON",345,2003,4652,0,4652,2200,211.5,4565,NA
"331","MCSP",355,2003,3580,0,3580,1700,210.6,3671,NA
"332","NKSP",364,2003,4952,5,4957,2692,184.1,5139,NA
"333","PDC",373,2003,1238,0,1238,0,0,1292,NA
"334","PBSP",391,2003,3164,0,3164,2280,138.8,3492,NA
"335","PVSP",400,2003,4791,0,4791,2208,217,5053,NA
"336","RIO",409,2003,242,0,242,0,0,250,NA
"337","RJD",418,2003,4271,0,4271,2200,194.1,4443,NA
"338","SVSP",436,2003,4367,0,4367,2224,196.4,4720,NA
"339","SRTA",445,2003,717,0,717,0,0,750,NA
"340","SCC",454,2003,6041,1,6042,3606,167.6,5977,NA
"341","WSP",463,2003,6008,22,6030,2984,202.1,5958,NA
"342","MALE",490,2003,143171,1117,144288,74357,194,146352,NA
"343","CIW",536,2003,1792,10,1802,1026,175.6,1564,NA
"344","CRC",545,2003,473,259,732,500,146.4,680,NA
"345","CCWF",554,2003,3484,3,3487,2004,174,3233,NA
"346","SCC",563,2003,250,0,250,320,78.1,320,NA
"347","VSP",572,2003,3536,12,3548,1980,179.2,3737,NA
"348","FEMALE",599,2003,9535,284,9819,5830,168.4,9534,NA
"349","INSTITUTIONS/CAMPS",636,2003,152706,1401,154107,80187,192.2,155886,NA
"350","ASP",119,2004,7186,0,7186,2920,246.1,7128,NA
"351","CCC",128,2004,5965,0,5965,3682,162,5642,NA
"352","CCI",137,2004,5454,0,5454,2781,196.1,5597,NA
"353","CIM",146,2004,6515,29,6544,3078,212.6,6665,NA
"354","CMF",164,2004,3263,0,3263,2315,141,3401,NA
"355","CMC",173,2004,6488,0,6488,3884,167,6604,NA
"356","CRC",182,2004,3048,946,3994,1814,220.2,3952,NA
"357","CAL",191,2004,4106,0,4106,2508,163.7,4318,NA
"358","CEN",210,2004,4895,0,4895,2208,221.7,5091,NA
"359","COR",219,2004,5123,0,5123,3016,169.9,5184,NA
"360","LAC",228,2004,4579,5,4584,2200,208.4,4540,NA
"361","SAC",237,2004,3347,0,3347,1728,193.7,3244,NA
"362","SQ",255,2004,5833,11,5844,3273,178.6,5731,NA
"363","SOL",264,2004,6089,0,6089,2610,233.3,5996,NA
"364","CVSP",282,2004,4160,0,4160,1738,239.4,4292,NA
"365","CTF",300,2004,6927,0,6927,3281,211.1,7001,NA
"366","DVI",309,2004,3438,16,3454,1787,193.3,3551,NA
"367","FOL",318,2004,3987,0,3987,2475,161.1,4249,NA
"368","HDP",327,2004,4827,8,4835,2344,206.3,4788,NA
"369","IRON",345,2004,4714,0,4714,2200,214.3,4773,NA
"370","MCSP",355,2004,3770,0,3770,1700,221.8,3837,NA
"371","NKSP",364,2004,5268,4,5272,2692,195.8,5387,NA
"372","PDC",373,2004,1278,0,1278,0,0,1292,NA
"373","PBSP",391,2004,3498,1,3499,2280,153.5,3582,NA
"374","PVSP",400,2004,4598,0,4598,2208,208.2,4848,NA
"375","RIO",409,2004,356,0,356,0,0,250,NA
"376","RJD",418,2004,4387,0,4387,2200,199.4,4443,NA
"377","SVSP",436,2004,4538,0,4538,2224,204,4600,NA
"378","SRTA",445,2004,581,0,581,0,0,750,NA
"379","SCC",454,2004,6059,0,6059,3606,168,5977,NA
"380","WSP",463,2004,6033,33,6066,2984,203.3,5958,NA
"381","MALE",490,2004,147279,1057,148336,75060,197.6,149674,NA
"382","CIW",536,2004,1941,12,1953,1026,190.4,1950,NA
"383","CRC",545,2004,454,240,694,500,138.8,680,NA
"384","CCWF",554,2004,3598,4,3602,2004,179.7,3490,NA
"385","RIO",563,2004,4,0,4,0,0,20,NA
"386","SCC",572,2004,329,0,329,320,102.8,320,NA
"387","VSP",581,2004,3646,17,3663,1980,185,3814,NA
"388","FEMALE",608,2004,9972,273,10245,5830,175.7,10274,NA
"389","INSTITUTIONS/CAMPS",645,2004,157251,1330,158581,80890,196,159948,NA
"390","ASP",119,2005,6722,0,6722,2920,230.2,7028,NA
"391","CCC",128,2005,6103,0,6103,3682,165.8,5750,NA
"392","CCI",137,2005,5637,0,5637,2699,208.9,5824,NA
"393","CIM",146,2005,6643,24,6667,3078,216.6,6615,NA
"394","CMF",164,2005,3217,0,3217,2315,139,3351,NA
"395","CMC",173,2005,6506,1,6507,3884,167.5,6604,NA
"396","CRC",182,2005,3054,878,3932,1814,216.8,3952,NA
"397","CAL",191,2005,4133,0,4133,2508,164.8,4268,NA
"398","CEN",210,2005,4801,0,4801,2208,217.4,5103,NA
"399","COR",219,2005,4928,1,4929,3016,163.4,5134,NA
"400","LAC",228,2005,4669,0,4669,2200,212.2,4684,NA
"401","SAC",237,2005,3191,0,3191,1728,184.7,3244,NA
"402","SQ",255,2005,5440,3,5443,3273,166.3,5681,NA
"403","SOL",264,2005,6075,0,6075,2610,232.8,5660,NA
"404","CVSP",282,2005,3644,0,3644,1738,209.7,3860,NA
"405","CTF",300,2005,7095,0,7095,3281,216.2,7001,NA
"406","DVI",309,2005,3872,23,3895,1787,218,3551,NA
"407","FOL",318,2005,3967,0,3967,2475,160.3,4249,NA
"408","HDP",327,2005,4583,1,4584,2344,195.6,4752,NA
"409","IRON",345,2005,4537,0,4537,2200,206.2,4653,NA
"410","KVSP",355,2005,617,0,617,2448,25.2,4366,NA
"411","MCSP",364,2005,3804,0,3804,1700,223.8,3837,NA
"412","NKSP",373,2005,5297,7,5304,2692,197,5387,NA
"413","PDC",391,2005,1393,0,1393,0,0,1292,NA
"414","PBSP",400,2005,3428,0,3428,2280,150.4,3582,NA
"415","PVSP",409,2005,4929,0,4929,2208,223.2,5028,NA
"416","RIO",418,2005,290,0,290,0,0,250,NA
"417","RJD",436,2005,4698,0,4698,2200,213.5,4443,NA
"418","SVSP",445,2005,4270,0,4270,2224,192,4510,NA
"419","SRTA",454,2005,468,0,468,0,0,750,NA
"420","SCC",463,2005,6200,0,6200,3606,171.9,6107,NA
"421","WSP",481,2005,6039,21,6060,2984,203.1,6066,NA
"422","MALE",509,2005,147722,963,148685,77426,192,153609,NA
"423","CIW",554,2005,1981,12,1993,1026,194.2,1950,NA
"424","CRC",563,2005,473,275,748,500,149.6,680,NA
"425","CCWF",572,2005,3793,3,3796,2004,189.4,3490,NA
"426","RIO",581,2005,17,0,17,0,0,20,NA
"427","SCC",590,2005,287,0,287,320,89.7,320,NA
"428","VSP",599,2005,3644,19,3663,1980,185,3686,NA
"429","FEMALE",626,2005,10195,309,10504,5830,180.2,10146,NA
"430","INSTITUTIONS/CAMPS",663,2005,157917,1272,159189,83256,191.2,163755,NA
"431","ASP",119,2006,7523,0,7523,3114,241.6,7028,NA
"432","CCC",128,2006,6117,0,6117,3682,166.1,5750,NA
"433","CCI",137,2006,5413,0,5413,3020,179.2,5558,NA
"434","CIM",146,2006,6539,26,6565,3078,213.3,6615,NA
"435","CMF",164,2006,3035,0,3035,2315,131.1,3351,NA
"436","CMC",173,2006,6555,0,6555,3884,168.8,6604,NA
"437","CRC",182,2006,3146,845,3991,1814,220,3952,NA
"438","CAL",191,2006,4271,0,4271,2508,170.3,4268,NA
"439","CEN",210,2006,4943,0,4943,2316,213.4,5103,NA
"440","COR",219,2006,5314,0,5314,3016,176.2,5134,NA
"441","LAC",228,2006,4512,0,4512,2600,173.5,5084,NA
"442","SAC",237,2006,3117,0,3117,1898,164.2,3244,NA
"443","SQ",255,2006,5038,10,5048,3661,137.9,5681,NA
"444","SOL",264,2006,6063,0,6063,2658,228.1,5660,NA
"445","CVSP",282,2006,4224,0,4224,1738,243,3860,NA
"446","CTF",300,2006,7117,0,7117,3319,214.4,7001,NA
"447","DVI",309,2006,3839,15,3854,1787,215.7,3551,NA
"448","FOL",318,2006,4075,0,4075,2475,164.6,4249,NA
"449","HDP",327,2006,4729,2,4731,2534,186.7,4752,NA
"450","IRON",345,2006,4597,0,4597,2200,209,4653,NA
"451","KVSP",355,2006,4737,1,4738,2718,174.3,4636,NA
"452","MCSP",364,2006,3938,0,3938,1700,231.6,3837,NA
"453","NKSP",373,2006,5375,9,5384,2918,184.5,5387,NA
"454","PDC",391,2006,1441,0,1441,0,0,1292,NA
"455","PBSP",400,2006,3455,0,3455,2376,145.4,3582,NA
"456","PVSP",409,2006,5041,0,5041,2298,219.4,5028,NA
"457","RIO",418,2006,267,0,267,0,0,250,NA
"458","RJD",436,2006,4566,0,4566,2308,197.8,4443,NA
"459","SVSP",445,2006,4579,0,4579,2914,157.1,4510,NA
"460","SRTA",454,2006,581,0,581,0,0,750,NA
"461","SBRN",463,2006,143,0,143,60,238.3,200,NA
"462","SCC",481,2006,6079,0,6079,3606,168.6,6107,NA
"463","WSP",490,2006,5988,9,5997,3314,181,6066,NA
"464","MALE",518,2006,153788,918,154706,81420,190,154213,NA
"465","CIW",563,2006,2621,11,2632,1346,195.5,2270,NA
"466","CRC",572,2006,385,306,691,500,138.2,680,NA
"467","CCWF",581,2006,3808,4,3812,2029,187.9,3490,NA
"468","RIO",590,2006,22,0,22,0,0,20,NA
"469","SBRN",599,2006,3,0,3,60,5,200,NA
"470","VSP",608,2006,3809,29,3838,2015,190.5,3686,NA
"471","FEMALE",636,2006,10648,350,10998,5950,184.8,10346,NA
"472","INSTITUTIONS/CAMPS",672,2006,164436,1268,165704,87370,189.7,164559,NA
"473","ASP",119,2007,7611,0,7611,2920,260.7,7710,NA
"474","CCC",128,2007,6120,0,6120,3883,157.6,6174,NA
"475","CCI",137,2007,5827,0,5827,2757,211.4,5896,NA
"476","CIM",146,2007,6218,23,6241,3207,194.6,6464,NA
"477","CMF",164,2007,3087,0,3087,2307,133.8,3316,NA
"478","CMC",173,2007,6559,0,6559,3840,170.8,6574,NA
"479","CRC",182,2007,3281,690,3971,1814,218.9,4000,NA
"480","CAL",191,2007,4164,0,4164,2308,180.4,4318,NA
"481","CEN",210,2007,5079,0,5079,2308,220.1,4956,NA
"482","COR",219,2007,5728,2,5730,3116,183.9,5450,NA
"483","LAC",228,2007,4976,0,4976,2300,216.3,4658,NA
"484","SAC",237,2007,3274,0,3274,1724,189.9,3253,NA
"485","SQ",255,2007,5187,7,5194,3109,167.1,5220,NA
"486","SOL",264,2007,6141,0,6141,2610,235.3,6083,NA
"487","CVSP",282,2007,3688,0,3688,1738,212.2,4292,NA
"488","CTF",300,2007,6962,0,6962,3301,210.9,7127,NA
"489","DVI",309,2007,3837,4,3841,1787,214.9,3911,NA
"490","FOL",318,2007,4151,0,4151,2236,185.6,4078,NA
"491","HDP",327,2007,4696,8,4704,2324,202.4,4706,NA
"492","IRON",345,2007,4754,0,4754,2200,216.1,4809,NA
"493","KVSP",355,2007,5003,0,5003,2448,204.4,4946,NA
"494","MCSP",364,2007,3773,0,3773,1700,221.9,4009,NA
"495","NKSP",373,2007,5443,7,5450,2692,202.5,5401,NA
"496","PDC",391,2007,24,0,24,0,0,0,NA
"497","PBSP",400,2007,3442,0,3442,2252,152.8,3316,NA
"498","PVSP",409,2007,5350,0,5350,2308,231.8,5112,NA
"499","RIO",418,2007,377,0,377,0,0,250,NA
"500","RJD",436,2007,4657,1,4658,3302,141.1,5858,NA
"501","SVSP",445,2007,4461,1,4462,2298,194.2,4606,NA
"502","SRTA",454,2007,704,0,704,0,0,750,NA
"503","SBRN",463,2007,33,0,33,0,0,60,NA
"504","SCC",481,2007,5912,0,5912,3736,158.2,6215,NA
"505","WSP",490,2007,6071,7,6078,2884,210.7,5888,NA
"506","MALE",518,2007,154058,753,154811,78833,196.4,156999,NA
"507","CIW",563,2007,2213,268,2481,1356,183,2717,NA
"508","CCWF",572,2007,4287,4,4291,2006,213.9,3945,NA
"509","RIO",581,2007,22,0,22,0,0,0,NA
"510","SRTA",590,2007,5,0,5,0,0,20,NA
"511","VSP",599,2007,4312,10,4322,1980,218.3,3902,NA
"512","FEMALE",626,2007,10839,282,11121,5342,208.2,10584,NA
"513","INSTITUTIONS/CAMPS",663,2007,164897,1035,165932,84175,197.1,167583,NA
"514","ASP",122,2008,6882,0,6882,2920,235.7,7222,NA
"515","CCC",131,2008,5566,0,5566,3883,143.3,6024,NA
"516","CCI",139,2008,5751,0,5751,2783,206.6,5620,NA
"517","CIM",148,2008,6062,26,6088,2976,204.6,6130,NA
"518","CMF",165,2008,3067,0,3067,2297,133.5,3078,NA
"519","CMC",173,2008,6482,0,6482,3838,168.9,6518,NA
"520","CRC",182,2008,3784,565,4349,2491,174.6,4604,NA
"521","CAL",190,2008,4279,0,4279,2308,185.4,4218,NA
"522","CEN",207,2008,4819,0,4819,2308,208.8,5136,NA
"523","COR",216,2008,5744,0,5744,3116,184.3,5402,NA
"524","LAC",224,2008,4987,0,4987,2300,216.8,4946,NA
"525","SAC",233,2008,3032,0,3032,1828,165.9,3234,NA
"526","SQ",250,2008,5135,5,5140,3082,166.8,5274,NA
"527","SOL",258,2008,5671,0,5671,2610,217.3,5570,NA
"528","CVSP",275,2008,3080,0,3080,1738,177.2,3222,NA
"529","CTF",292,2008,6470,0,6470,3312,195.4,6499,NA
"530","DVI",301,2008,3816,9,3825,1681,227.5,3787,NA
"531","FOL",309,2008,4037,0,4037,2469,163.5,4078,NA
"532","HDP",318,2008,4472,13,4485,2324,193,4536,NA
"533","IRON",335,2008,4497,0,4497,2200,204.4,4565,NA
"534","KVSP",344,2008,4678,0,4678,2448,191.1,4846,NA
"535","MCSP",352,2008,3692,0,3692,1700,217.2,3714,NA
"536","NKSP",361,2008,5289,5,5294,2694,196.5,5454,NA
"537","PBSP",378,2008,3372,0,3372,2380,141.7,3598,NA
"538","PVSP",386,2008,5186,0,5186,2308,224.7,5192,NA
"539","RIO",395,2008,258,0,258,0,0,250,NA
"540","RJD",403,2008,4609,0,4609,2200,209.5,4588,NA
"541","SVSP",420,2008,4095,0,4095,2388,171.5,4100,NA
"542","SRTA",429,2008,881,0,881,0,0,750,NA
"543","SBRN",437,2008,1,0,1,0,0,30,NA
"544","SCC",446,2008,6070,0,6070,3736,162.5,6046,NA
"545","WSP",463,2008,6000,9,6009,2984,201.4,5878,NA
"546","MALE",488,2008,148884,636,149520,78726,189.9,151582,NA
"547","CIW",531,2008,2476,205,2681,1356,197.7,2549,NA
"548","CCWF",539,2008,4093,3,4096,2004,204.4,4086,NA
"549","RIO",548,2008,16,0,16,0,0,0,NA
"550","SRTA",557,2008,2,0,2,0,0,20,NA
"551","VSP",565,2008,4027,10,4037,1980,203.9,4158,NA
"552","FEMALE",591,2008,10614,218,10832,5340,202.8,10813,NA
"553","INSTITUTIONS/CAMPS",633,2008,159498,854,160352,84066,190.7,162395,NA
"554","ASP",122,2009,6320,0,6320,2920,216.4,6506,NA
"555","CCC",131,2009,5465,0,5465,3883,140.7,5724,NA
"556","CCI",139,2009,5600,0,5600,2783,201.2,5732,NA
"557","CIM",148,2009,5889,24,5913,2976,198.7,5811,NA
"558","CMF",165,2009,2695,0,2695,2297,117.3,3000,NA
"559","CMC",173,2009,6298,0,6298,3838,164.1,6458,NA
"560","CRC",182,2009,3697,545,4242,2491,170.3,4408,NA
"561","CAL",190,2009,4276,0,4276,2308,185.3,4218,NA
"562","CEN",207,2009,4523,0,4523,2308,196,4628,NA
"563","COR",216,2009,5402,0,5402,3116,173.4,5352,NA
"564","LAC",224,2009,4663,0,4663,2400,194.3,4790,NA
"565","SAC",233,2009,2873,0,2873,1828,157.2,2979,NA
"566","SQ",250,2009,5174,13,5187,3082,168.3,5274,NA
"567","SOL",258,2009,4772,0,4772,2610,182.8,4850,NA
"568","CVSP",275,2009,3422,0,3422,1738,196.9,3593,NA
"569","CTF",292,2009,5728,0,5728,3312,172.9,6127,NA
"570","DVI",301,2009,3940,6,3946,1681,234.7,3811,NA
"571","FOL",309,2009,4075,0,4075,2469,165,4078,NA
"572","HDP",318,2009,4423,11,4434,2324,190.8,4486,NA
"573","IRON",335,2009,4186,0,4186,2200,190.3,4085,NA
"574","KVSP",344,2009,4680,0,4680,2448,191.2,4880,NA
"575","MCSP",352,2009,3739,0,3739,1700,219.9,3812,NA
"576","NKSP",361,2009,5410,6,5416,2694,201,5354,NA
"577","PBSP",378,2009,3225,0,3225,2380,135.5,3407,NA
"578","PVSP",386,2009,4912,0,4912,2308,212.8,4922,NA
"579","RIO",395,2009,453,0,453,0,0,400,NA
"580","RJD",403,2009,4759,0,4759,2200,216.3,4814,NA
"581","SVSP",420,2009,4033,0,4033,2388,168.9,3971,NA
"582","SRTA",429,2009,882,0,882,0,0,750,NA
"583","SCC",437,2009,5419,0,5419,3736,145,5621,NA
"584","WSP",446,2009,6043,10,6053,2984,202.8,5848,NA
"585","MALE",480,2009,143837,618,144455,78826,183.3,146698,NA
"586","CIW",522,2009,2422,205,2627,1386,189.5,2715,NA
"587","CCWF",531,2009,3851,5,3856,2004,192.4,3966,NA
"588","FRCC",539,2009,76,0,76,75,101.3,75,NA
"589","RIO",548,2009,16,0,16,0,0,0,NA
"590","VSP",557,2009,3854,13,3867,1980,195.3,3958,NA
"591","FEMALE",582,2009,10219,223,10442,5445,191.8,10714,NA
"592","INSTITUTIONS/CAMPS",625,2009,154056,841,154897,84271,183.8,157412,NA
"593","ASP",122,2010,6626,0,6626,2920,226.9,6726,NA
"594","CCC",131,2010,5561,0,5561,3883,143.2,5585,NA
"595","CCI",139,2010,5962,2,5964,2783,214.3,5732,NA
"596","CIM",148,2010,4469,14,4483,2976,150.6,5887,NA
"597","CMF",165,2010,2604,0,2604,2297,113.4,2593,NA
"598","CMC",173,2010,6451,0,6451,3838,168.1,6458,NA
"599","CRC",182,2010,3909,488,4397,2491,176.5,4408,NA
"600","CAL",190,2010,4114,0,4114,2308,178.2,4218,NA
"601","CEN",207,2010,4338,0,4338,2308,188,4508,NA
"602","COR",216,2010,5191,0,5191,3116,166.6,5281,NA
"603","LAC",224,2010,4594,0,4594,2400,191.4,4790,NA
"604","SAC",233,2010,2919,0,2919,1828,159.7,2979,NA
"605","SQ",250,2010,5098,5,5103,2967,172,5014,NA
"606","SOL",258,2010,5121,0,5121,2610,196.2,5137,NA
"607","CVSP",275,2010,3512,0,3512,1738,202.1,3687,NA
"608","CTF",292,2010,6472,0,6472,3312,195.4,6127,NA
"609","DVI",301,2010,3853,22,3875,1681,230.5,3811,NA
"610","FOL",309,2010,3572,0,3572,2469,144.7,3675,NA
"611","HDP",318,2010,4454,7,4461,2324,192,4486,NA
"612","IRON",335,2010,3923,0,3923,2200,178.3,4085,NA
"613","KVSP",344,2010,4571,0,4571,2448,186.7,4884,NA
"614","MCSP",352,2010,3772,0,3772,1700,221.9,3732,NA
"615","NKSP",361,2010,5241,10,5251,2694,194.9,5354,NA
"616","PBSP",378,2010,3278,0,3278,2380,137.7,3449,NA
"617","PVSP",386,2010,4626,0,4626,2308,200.4,4722,NA
"618","RIO",395,2010,424,0,424,0,0,400,NA
"619","RJD",403,2010,4648,1,4649,2200,211.3,4814,NA
"620","SVSP",420,2010,3657,0,3657,2388,153.1,3793,NA
"621","SRTA",429,2010,787,0,787,0,0,750,NA
"622","SCC",437,2010,5335,0,5335,3736,142.8,5391,NA
"623","WSP",446,2010,5789,10,5799,2984,194.3,5800,NA
"624","MALE",480,2010,141469,563,142032,78711,180.4,144954,NA
"625","CIW",522,2010,2222,182,2404,1386,173.4,2521,NA
"626","CCWF",531,2010,3640,4,3644,2004,181.8,3859,NA
"627","FRCC",539,2010,79,0,79,75,105.3,75,NA
"628","RIO",548,2010,4,0,4,0,0,0,NA
"629","VSP",557,2010,3376,11,3387,1980,171.1,3486,NA
"630","FEMALE",582,2010,9321,197,9518,5445,174.8,9941,NA
"631","INSTITUTIONS/CAMPS",625,2010,150790,760,151550,84156,180.1,154895,NA
"632","ASP",122,2011,5725,0,5725,2920,196.1,5760,NA
"633","CCC",131,2011,5452,0,5452,3883,140.4,5533,NA
"634","CCI",139,2011,5718,0,5718,2783,205.5,5812,NA
"635","CIM",148,2011,6060,2,6062,2976,203.7,7407,NA
"636","CMF",165,2011,2865,0,2865,2297,124.7,2780,NA
"637","CMC",173,2011,6255,0,6255,3838,163,6361,NA
"638","CRC",182,2011,3753,343,4096,2491,164.4,4176,NA
"639","CAL",190,2011,4244,0,4244,2308,183.9,4045,NA
"640","CEN",207,2011,4146,0,4146,2308,179.6,4143,NA
"641","COR",216,2011,4851,0,4851,3116,155.7,4918,NA
"642","LAC",224,2011,4201,0,4201,2300,182.7,4380,NA
"643","SAC",233,2011,2829,0,2829,1828,154.8,2843,NA
"644","SQ",250,2011,4780,8,4788,3082,155.4,4792,NA
"645","SOL",258,2011,5029,0,5029,2610,192.7,4990,NA
"646","CVSP",275,2011,3109,0,3109,1738,178.9,3218,NA
"647","CTF",292,2011,6515,0,6515,3312,196.7,6127,NA
"648","DVI",301,2011,3831,11,3842,1681,228.6,3811,NA
"649","FOL",309,2011,3707,1,3708,2469,150.2,3601,NA
"650","HDP",318,2011,4226,5,4231,2324,182.1,4211,NA
"651","IRON",335,2011,4153,0,4153,2200,188.8,4010,NA
"652","KVSP",344,2011,4708,0,4708,2448,192.3,4729,NA
"653","MCSP",352,2011,3572,0,3572,1700,210.1,3516,NA
"654","NKSP",361,2011,5128,6,5134,2694,190.6,5110,NA
"655","PBSP",378,2011,3212,0,3212,2380,135,3208,NA
"656","PVSP",386,2011,4572,0,4572,2308,198.1,4647,NA
"657","RJD",395,2011,4347,0,4347,2200,197.6,4436,NA
"658","SVSP",403,2011,3945,0,3945,2452,160.9,3859,NA
"659","SCC",420,2011,5182,0,5182,3736,138.7,5548,NA
"660","WSP",429,2011,5683,6,5689,2984,190.7,5584,NA
"661","MALE",446,2011,138117,398,138515,78790,175.8,139693,NA
"662","CIW",488,2011,1920,115,2035,1386,146.8,2147,NA
"663","CCWF",497,2011,3823,3,3826,2004,190.9,3859,NA
"664","VSP",505,2011,3316,6,3322,1936,171.6,3244,NA
"665","FEMALE",522,2011,9059,124,9183,5326,172.4,9250,NA
"666","____________________________________________________________________________________________________",574,2011,147176,522,147698,84116,175.6,148943,NA
"667","ASP",122,2012,4641,0,4641,2920,158.9,4606,NA
"668","CCC",131,2012,4485,0,4485,3883,115.5,4392,NA
"669","CCI",139,2012,4679,0,4679,2783,168.1,5083,NA
"670","CIM",148,2012,4915,6,4921,2976,165.4,6005,NA
"671","CMF",165,2012,2347,0,2347,2297,102.2,2377,NA
"672","CMC",173,2012,5340,0,5340,3838,139.1,5320,NA
"673","CRC",182,2012,3451,188,3639,2491,146.1,3769,NA
"674","CAL",190,2012,3749,0,3749,2308,162.4,3710,NA
"675","CEN",207,2012,3746,0,3746,2308,162.3,3758,NA
"676","COR",216,2012,4731,0,4731,3116,151.8,4619,NA
"677","LAC",224,2012,3950,0,3950,2300,171.7,3990,NA
"678","SAC",233,2012,2651,0,2651,1828,145,2743,NA
"679","SQ",250,2012,3699,0,3699,3082,120,3882,NA
"680","SOL",258,2012,4219,0,4219,2610,161.6,4240,NA
"681","CVSP",275,2012,2657,0,2657,1738,152.9,2615,NA
"682","CTF",292,2012,5644,0,5644,3312,170.4,5202,NA
"683","DVI",301,2012,2505,5,2510,1681,149.3,2478,NA
"684","FOL",309,2012,2839,0,2839,2469,115,2852,NA
"685","HDP",318,2012,3730,2,3732,2324,160.6,3695,NA
"686","IRON",335,2012,3420,0,3420,2200,155.5,3310,NA
"687","KVSP",344,2012,4151,0,4151,2448,169.6,4344,NA
"688","MCSP",352,2012,3049,0,3049,1700,179.4,3036,NA
"689","NKSP",361,2012,4621,2,4623,2694,171.6,4789,NA
"690","PBSP",378,2012,3173,0,3173,2380,133.3,3143,NA
"691","PVSP",386,2012,3816,0,3816,2308,165.3,3758,NA
"692","RJD",395,2012,3267,0,3267,2200,148.5,3560,NA
"693","SVSP",403,2012,3550,0,3550,2452,144.8,3459,NA
"694","SCC",420,2012,4316,0,4316,3736,115.5,4701,NA
"695","WSP",429,2012,4886,3,4889,2984,163.8,5135,NA
"696","MALE",446,2012,117745,211,117956,78790,149.7,119871,NA
"697","CIW",488,2012,1454,39,1493,1356,110.1,1642,NA
"698","CCWF",497,2012,2615,52,2667,2004,133.1,2836,NA
"699","VSP",505,2012,1995,0,1995,1980,100.8,2101,NA
"700","FEMALE",522,2012,6064,91,6155,5340,115.3,6579,NA
"701","____________________________________________________________________________________________________",574,2012,123809,302,124111,84130,147.5,126450,NA
"702","ASP",122,2013,4523,0,4523,2920,154.9,4456,NA
"703","CCC",131,2013,5007,0,5007,3883,128.9,4718,NA
"704","CCI",139,2013,4557,0,4557,2783,163.7,4267,NA
"705","CHCF",148,2013,182,0,182,1818,10,1818,NA
"706","CIM",165,2013,4843,2,4845,2976,162.8,4455,NA
"707","CMF",173,2013,2326,0,2326,2361,98.5,2692,NA
"708","CMC",182,2013,4911,0,4911,3838,128,5157,NA
"709","CRC",190,2013,3479,43,3522,2491,141.4,3481,NA
"710","CAL",207,2013,3641,0,3641,2308,157.8,3608,NA
"711","CEN",216,2013,2903,0,2903,2308,125.8,3358,NA
"712","COR",224,2013,4284,0,4284,3116,137.5,4419,NA
"713","LAC",233,2013,3613,0,3613,2300,157.1,3501,NA
"714","SAC",250,2013,2229,0,2229,1828,121.9,2539,NA
"715","SQ",258,2013,4303,0,4303,3082,139.6,3710,NA
"716","SOL",267,2013,3951,0,3951,2610,151.4,3940,NA
"717","CVSP",292,2013,2599,2,2601,1738,149.7,2453,NA
"718","CTF",301,2013,5290,0,5290,3312,159.7,4981,NA
"719","DVI",309,2013,2789,1,2790,1681,166,2368,NA
"720","FOL",318,2013,2684,0,2684,2066,129.9,2895,NA
"721","HDP",335,2013,3308,0,3308,2324,142.3,3560,NA
"722","IRON",344,2013,3192,0,3192,2200,145.1,3175,NA
"723","KVSP",352,2013,3705,0,3705,2448,151.3,4194,NA
"724","MCSP",361,2013,2789,0,2789,1700,164.1,2570,NA
"725","NKSP",378,2013,4773,0,4773,2694,177.2,4397,NA
"726","PBSP",386,2013,2826,0,2826,2380,118.7,3188,NA
"727","PVSP",395,2013,3400,0,3400,2308,147.3,3558,NA
"728","RJD",403,2013,3252,0,3252,2200,147.8,3280,NA
"729","SVSP",420,2013,3526,0,3526,2452,143.8,3484,NA
"730","SCC",429,2013,4870,0,4870,3736,130.4,4576,NA
"731","VSPM",437,2013,3105,0,3105,1980,156.8,2970,NA
"732","WSP",446,2013,5107,0,5107,2984,171.1,4997,NA
"733","MALE",471,2013,117620,49,117669,82249,143.1,118055,NA
"734","CIW",514,2013,2141,9,2150,1398,153.8,2042,NA
"735","CCWF",522,2013,3474,4,3478,2004,173.6,3430,NA
"736","FWF",531,2013,238,0,238,403,59.1,200,NA
"737","FEMALE",548,2013,5853,13,5866,3805,154.2,5672,NA
"738","____________________________________________________________________________________________________",599,2013,123473,62,123535,86054,143.6,123727,NA
"739","ASP",122,2014,3647,0,3647,2920,124.9,4702,NA
"740","CAL",131,2014,3851,0,3851,2308,166.9,3833,NA
"741","CCC",139,2014,4923,1,4924,3883,126.8,4872,NA
"742","CCI",148,2014,4431,0,4431,2783,159.2,4412,NA
"743","CEN",165,2014,2777,0,2777,2308,120.3,3433,NA
"744","CHCF",173,2014,0,1577,1577,2951,53.4,2951,NA
"745","CIM",182,2014,4728,0,4728,2976,158.9,4728,NA
"746","CMC",190,2014,4276,1,4277,3838,111.4,4659,NA
"747","CMF",207,2014,2070,0,2070,2361,87.7,2522,NA
"748","COR",216,2014,4317,0,4317,3116,138.5,4445,NA
"749","CRC",224,2014,2785,0,2785,2491,111.8,3481,NA
"750","CTF",233,2014,5051,0,5051,3312,152.5,5231,NA
"751","CVSP",250,2014,2296,0,2296,1738,132.1,2478,NA
"752","DVI",258,2014,2567,0,2567,1681,152.7,2585,NA
"753","FOL",267,2014,2575,0,2575,2066,124.6,2895,NA
"754","HDSP",275,2014,3362,0,3362,2324,144.7,3461,NA
"755","ISP",292,2014,2935,0,2935,2200,133.4,3175,NA
"756","KVSP",301,2014,3842,0,3842,2448,156.9,3910,NA
"757","LAC",309,2014,3605,0,3605,2300,156.7,3625,NA
"758","MCSP",318,2014,2946,0,2946,1700,173.3,2744,NA
"759","NKSP",335,2014,4634,0,4634,2694,172,4529,NA
"760","PBSP",344,2014,2821,0,2821,2380,118.5,3032,NA
"761","PVSP",352,2014,3080,0,3080,2308,133.4,3533,NA
"762","RJD",361,2014,3006,0,3006,2200,136.6,3280,NA
"763","SAC",378,2014,2234,0,2234,1828,122.2,2312,NA
"764","SATF",386,2014,5427,0,5427,3424,158.5,5474,NA
"765","SCC",395,2014,4641,0,4641,3736,124.2,4674,NA
"766","SOL",403,2014,3965,1,3966,2610,152,3890,NA
"767","SQ",420,2014,3867,0,3867,3082,125.5,3898,NA
"768","SVSP",429,2014,3378,0,3378,2452,137.8,3699,NA
"769","VSP",437,2014,3287,0,3287,1980,166,3390,NA
"770","WSP",446,2014,5145,0,5145,2984,172.4,4997,NA
"771","MALE",471,2014,114046,3,114049,83382,136.8,120850,NA
"772","CCWF",514,2014,3734,0,3734,2004,186.3,3515,NA
"773","CIW",522,2014,2072,0,2072,1398,148.2,2042,NA
"774","FOL",531,2014,407,0,407,403,101,443,NA
"775","FEMALE",548,2014,6213,0,6213,3805,163.3,6000,NA
"776","INSTITUTIONS/CAMPS",591,2014,120259,3,120262,87187,137.9,126850,NA
"777","ASP",122,2015,2555,0,2555,2920,87.5,4702,NA
"778","CAL",131,2015,3796,0,3796,2308,164.5,3883,NA
"779","CCC",139,2015,3991,1,3992,3883,102.8,4872,NA
"780","CCI",148,2015,3928,0,3928,2783,141.1,4414,NA
"781","CEN",165,2015,3522,0,3522,2308,152.6,3433,NA
"782","CHCF",173,2015,0,2027,2027,2951,68.7,2951,NA
"783","CIM",182,2015,3794,0,3794,2976,127.5,4728,NA
"784","CMC",190,2015,3749,1,3750,3838,97.7,4668,NA
"785","CMF",207,2015,2394,0,2394,2361,101.4,2756,NA
"786","COR",216,2015,4406,0,4406,3116,141.4,4445,NA
"787","CRC",224,2015,2404,0,2404,2491,96.5,3487,NA
"788","CTF",233,2015,5154,0,5154,3312,155.6,5231,NA
"789","CVSP",250,2015,2246,0,2246,1738,129.2,2641,NA
"790","DVI",258,2015,2201,0,2201,1681,130.9,2586,NA
"791","FOL",267,2015,2340,0,2340,2066,113.3,2895,NA
"792","HDSP",275,2015,3385,0,3385,2324,145.7,3461,NA
"793","ISP",292,2015,3671,0,3671,2200,166.9,3175,NA
"794","KVSP",301,2015,3605,0,3605,2448,147.3,3910,NA
"795","LAC",309,2015,3516,0,3516,2300,152.9,3600,NA
"796","MCSP",318,2015,2947,0,2947,1700,173.4,2807,NA
"797","NKSP",335,2015,4479,0,4479,2694,166.3,4529,NA
"798","PBSP",344,2015,2724,0,2724,2380,114.5,3032,NA
"799","PVSP",352,2015,2301,0,2301,2308,99.7,3533,NA
"800","RJD",361,2015,3167,0,3167,2200,144,3305,NA
"801","SAC",378,2015,2317,0,2317,1828,126.8,2312,NA
"802","SATF",386,2015,5533,0,5533,3424,161.6,5449,NA
"803","SCC",395,2015,4364,0,4364,3836,113.8,4774,NA
"804","SOL",403,2015,3838,0,3838,2610,147,3890,NA
"805","SQ",420,2015,3626,0,3626,3082,117.7,4006,NA
"806","SVSP",429,2015,3718,0,3718,2452,151.6,3657,NA
"807","VSP",437,2015,3461,0,3461,1980,174.8,3346,NA
"808","WSP",446,2015,4953,0,4953,2984,166,4997,NA
"809","MALE",471,2015,110112,2,110114,83482,131.9,121475,NA
"810","CCWF",514,2015,3004,0,3004,2004,149.9,3513,NA
"811","CIW",522,2015,1843,0,1843,1398,131.8,2042,NA
"812","FOL",531,2015,455,0,455,403,112.9,483,NA
"813","FEMALE",548,2015,5302,0,5302,3805,139.3,6038,NA
"814","INSTITUTIONS/CAMPS",591,2015,115414,2,115416,87287,132.2,127513,NA
"815","ASP",122,2016,3221,0,3221,2920,110.3,4727,NA
"816","CAL",131,2016,3772,0,3772,2308,163.4,3883,NA
"817","CCC",139,2016,3795,0,3795,3883,97.7,4872,NA
"818","CCI",148,2016,3300,0,3300,2783,118.6,4406,NA
"819","CEN",165,2016,3661,0,3661,2308,158.6,3433,NA
"820","CHCF",173,2016,0,2305,2305,2951,78.1,2951,NA
"821","CIM",182,2016,3660,0,3660,2976,123,4728,NA
"822","CMC",190,2016,4142,0,4142,3838,107.9,4660,NA
"823","CMF",207,2016,2586,0,2586,2361,109.5,2774,NA
"824","COR",216,2016,3379,0,3379,3116,108.4,4483,NA
"825","CRC",224,2016,3179,0,3179,2491,127.6,3487,NA
"826","CTF",233,2016,5076,0,5076,3312,153.3,5231,NA
"827","CVSP",250,2016,2335,0,2335,1738,134.3,2641,NA
"828","DVI",258,2016,2375,0,2375,1681,141.3,2580,NA
"829","FOL",267,2016,2595,0,2595,2066,125.6,2895,NA
"830","HDSP",275,2016,3746,0,3746,2324,161.2,3461,NA
"831","ISP",292,2016,3178,0,3178,2200,144.5,3200,NA
"832","KVSP",301,2016,3907,0,3907,2448,159.6,3910,NA
"833","LAC",309,2016,3500,0,3500,2300,152.2,3575,NA
"834","MCSP",318,2016,3486,0,3486,3284,106.2,4343,NA
"835","NKSP",335,2016,4086,0,4086,2694,151.7,4529,NA
"836","PBSP",344,2016,2343,0,2343,2380,98.4,3048,NA
"837","PVSP",352,2016,3249,0,3249,2308,140.8,3533,NA
"838","RJD",361,2016,3047,0,3047,2200,138.5,3305,NA
"839","SAC",378,2016,2349,0,2349,1828,128.5,2312,NA
"840","SATF",386,2016,5324,1,5325,3424,155.5,5495,NA
"841","SCC",395,2016,4277,0,4277,3936,108.7,4774,NA
"842","SOL",403,2016,3888,0,3888,2610,149,3866,NA
"843","SQ",420,2016,4106,0,4106,3082,133.2,3956,NA
"844","SVSP",429,2016,3759,0,3759,2452,153.3,3657,NA
"845","VSP",437,2016,3405,0,3405,1980,172,3358,NA
"846","WSP",446,2016,4853,0,4853,2984,162.6,4997,NA
"847","MALE",471,2016,111884,1,111885,85166,131.4,123070,NA
"848","CCWF",514,2016,2795,0,2795,2004,139.5,3513,NA
"849","CIW",522,2016,1874,0,1874,1398,134,2038,NA
"850","FOL",531,2016,475,0,475,403,117.9,483,NA
"851","FEMALE",548,2016,5144,0,5144,3805,135.2,6034,NA
"852","INSTITUTIONS/CAMPS",591,2016,117028,1,117029,88971,131.5,129104,NA
"853","ASP",122,2017,3706,0,3706,2920,126.9,4370,NA
"854","CAL",131,2017,3759,0,3759,2308,162.9,3333,NA
"855","CCC",139,2017,4081,0,4081,3883,105.1,4667,NA
"856","CCI",148,2017,3798,0,3798,2783,136.5,4120,NA
"857","CEN",165,2017,3423,0,3423,2308,148.3,3333,NA
"858","CHCF",173,2017,0,2401,2401,2951,81.4,2951,NA
"859","CIM",182,2017,3687,0,3687,2976,123.9,4186,NA
"860","CMC",190,2017,4081,0,4081,3838,106.3,4401,NA
"861","CMF",207,2017,2517,0,2517,2361,106.6,2789,NA
"862","COR",216,2017,3208,0,3208,3116,103,4264,NA
"863","CRC",224,2017,2654,0,2654,2491,106.5,3210,NA
"864","CTF",233,2017,5086,0,5086,3312,153.6,4887,NA
"865","CVSP",250,2017,2812,0,2812,1738,161.8,2478,NA
"866","DVI",258,2017,2487,0,2487,1681,147.9,2353,NA
"867","FOL",267,2017,2613,0,2613,2066,126.5,2895,NA
"868","HDSP",275,2017,3579,0,3579,2324,154,3361,NA
"869","ISP",292,2017,3138,0,3138,2200,142.6,3200,NA
"870","KVSP",301,2017,3626,0,3626,2448,148.1,3458,NA
"871","LAC",309,2017,3366,0,3366,2300,146.3,3300,NA
"872","MCSP",318,2017,3628,0,3628,3284,110.5,4001,NA
"873","NKSP",335,2017,4614,0,4614,2694,171.3,3911,NA
"874","PBSP",344,2017,2068,0,2068,2380,86.9,3250,NA
"875","PVSP",352,2017,2987,0,2987,2308,129.4,3333,NA
"876","RJD",361,2017,3813,0,3813,2992,127.4,3942,NA
"877","SAC",378,2017,2302,0,2302,1828,125.9,2457,NA
"878","SATF",386,2017,5708,0,5708,3424,166.7,5111,NA
"879","SCC",395,2017,4181,0,4181,3936,106.2,4660,NA
"880","SOL",403,2017,3818,0,3818,2610,146.3,3882,NA
"881","SQ",420,2017,4102,0,4102,3082,133.1,4038,NA
"882","SVSP",429,2017,3535,0,3535,2452,144.2,3409,NA
"883","VSP",437,2017,3496,0,3496,1980,176.6,2954,NA
"884","WSP",446,2017,5283,0,5283,2984,177,4351,NA
"885","MALE",471,2017,113557,0,113557,85958,132.1,116855,NA
"886","CCWF",514,2017,2963,0,2963,2004,147.9,2966,NA
"887","CIW",522,2017,1883,0,1883,1398,134.7,1858,NA
"888","FOL",531,2017,430,0,430,403,106.7,530,NA
"889","FEMALE",548,2017,5276,0,5276,3805,138.7,5354,NA
"890","INSTITUTIONS/CAMPS",591,2017,118833,0,118833,89763,132.4,122209,NA
"891","ASP",122,2018,4326,0,4326,2920,148.2,4370,NA
"892","CAL",131,2018,3566,0,3566,2308,154.5,3333,NA
"893","CCC",139,2018,4727,0,4727,3883,121.7,4667,NA
"894","CCI",148,2018,3339,0,3339,2783,120,4120,NA
"895","CEN",165,2018,3346,0,3346,2308,145,3333,NA
"896","CHCF",173,2018,0,2719,2719,2951,92.1,2951,NA
"897","CIM",182,2018,3730,0,3730,2976,125.3,4186,NA
"898","CMC",190,2018,3894,0,3894,3838,101.5,4379,NA
"899","CMF",207,2018,2400,0,2400,2361,101.7,2789,NA
"900","COR",216,2018,3232,0,3232,3116,103.7,4270,NA
"901","CRC",224,2018,2469,0,2469,2491,99.1,3210,NA
"902","CTF",233,2018,5335,0,5335,3312,161.1,4887,NA
"903","CVSP",250,2018,2904,0,2904,1738,167.1,2478,NA
"904","DVI",258,2018,2037,0,2037,1681,121.2,2353,NA
"905","FOL",267,2018,2371,0,2371,2066,114.8,2895,NA
"906","HDSP",275,2018,3464,0,3464,2324,149.1,3361,NA
"907","ISP",292,2018,3065,0,3065,2200,139.3,3200,NA
"908","KVSP",301,2018,3555,0,3555,2448,145.2,3522,NA
"909","LAC",309,2018,3172,0,3172,2300,137.9,3300,NA
"910","MCSP",318,2018,4208,0,4208,3284,128.1,4009,NA
"911","NKSP",335,2018,4378,0,4378,2694,162.5,3911,NA
"912","PBSP",344,2018,2624,0,2624,2380,110.3,3250,NA
"913","PVSP",352,2018,3028,0,3028,2308,131.2,3333,NA
"914","RJD",361,2018,3895,0,3895,2992,130.2,3942,NA
"915","SAC",378,2018,2156,0,2156,1828,117.9,2449,NA
"916","SATF",386,2018,5853,0,5853,3424,170.9,5111,NA
"917","SCC",395,2018,4253,0,4253,3936,108.1,4660,NA
"918","SOL",403,2018,4044,0,4044,2610,154.9,3882,NA
"919","SQ",420,2018,4408,0,4408,3082,143,3988,NA
"920","SVSP",429,2018,3166,0,3166,2452,129.1,3409,NA
"921","VSP",437,2018,3459,0,3459,1980,174.7,2954,NA
"922","WSP",446,2018,4994,0,4994,2984,167.4,4351,NA
"923","MALE",471,2018,114117,0,114117,85958,132.8,116853,NA
"924","CCWF",514,2018,2886,0,2886,2004,144,2966,NA
"925","CIW",522,2018,1840,0,1840,1398,131.6,1856,NA
"926","FOL",531,2018,448,0,448,403,111.2,530,NA
"927","FEMALE",548,2018,5174,0,5174,3805,136,5352,NA
"928","INSTITUTIONS/CAMPS",591,2018,119291,0,119291,89763,132.9,122205,NA
"929","ASP",184,2019,3751,NA,NA,2920,128.5,4370,"Avenal State Prison"
"930","CAL",193,2019,3474,NA,NA,2308,150.5,3333,"Calipatria State Prison"
"931","CCC",202,2019,3964,NA,NA,3883,102.1,4762,"California Correctional Center"
"932","CCI",211,2019,3678,NA,NA,2783,132.2,4120,"California Correctional Institution"
"933","CEN",227,2019,3495,NA,NA,2308,151.4,3333,"Centinela State Prison"
"934","CHCF",236,2019,2784,NA,NA,2951,94.3,2951,"California Health Care Facility Stockton"
"935","CIM",245,2019,3644,NA,NA,2976,122.4,4186,"California Institution for Men"
"936","CMC",254,2019,3682,NA,NA,3838,95.9,4398,"California Colony"
"937","CMF",271,2019,2556,NA,NA,2361,108.3,2847,"California Medical Facility"
"938","COR",279,2019,3161,NA,NA,3116,101.4,4233,"California State Corcoran"
"939","CRC",288,2019,2958,NA,NA,2491,118.7,3210,"California Rehabilitation Center"
"940","CTF",297,2019,5414,NA,NA,3312,163.5,4887,"Correctional Training Facility"
"941","CVSP",314,2019,2709,NA,NA,1738,155.9,2478,"Chuckawalla Valley State Prison"
"942","DVI",322,2019,2169,NA,NA,1681,129,2353,"Deuel Vocational Institution"
"943","FOL",332,2019,2994,NA,NA,2066,144.9,2895,"Folsom State Prison"
"944","HDSP",341,2019,3130,NA,NA,2324,134.7,3361,"High Desert State Prison"
"945","ISP",357,2019,2681,NA,NA,2200,121.9,3200,"Ironwood State Prison"
"946","KVSP",366,2019,3568,NA,NA,2448,145.8,3522,"Kern Valley State Prison"
"947","LAC",375,2019,3175,NA,NA,2300,138,3300,"California State Los Angeles County"
"948","MCSP",384,2019,3970,NA,NA,3284,120.9,4009,"Mule Creek State Prison"
"949","NKSP",400,2019,4195,NA,NA,2694,155.7,3911,"North Kern State Prison"
"950","PBSP",409,2019,2625,NA,NA,2380,110.3,3250,"Pelican Bay State Prison"
"951","PVSP",418,2019,3332,NA,NA,2308,144.4,3333,"Pleasant Valley State Prison"
"952","RJD",427,2019,4099,NA,NA,2992,137,3942,"RJ Donovan Correctional Facility"
"953","SAC",443,2019,2126,NA,NA,1828,116.3,2449,"California State Sacramento"
"954","SATF",452,2019,5516,NA,NA,3424,161.1,5111,"California Substance Abuse Treatment Facility"
"955","SCC",461,2019,4066,NA,NA,3936,103.3,4570,"Sierra Conservation Center"
"956","SOL",470,2019,4575,NA,NA,2610,175.3,3882,"California State Solano"
"957","SQ",487,2019,4329,NA,NA,3082,140.5,3984,"San Quentin State Prison"
"958","SVSP",495,2019,3143,NA,NA,2452,128.2,3409,"Salinas Valley State Prison"
"959","VSP",504,2019,2845,NA,NA,1980,143.7,2954,"Valley State Prison"
"960","WSP",513,2019,4906,NA,NA,2984,164.4,4351,"Wasco State Prison"
"961","MALE",530,2019,112714,NA,NA,85958,131.1,116894,"Male Total"
"962","CCWF",572,2019,2826,NA,NA,2004,141,2964,"Central California Facility"
"963","CIW",581,2019,1752,NA,NA,1398,125.3,1877,"California Institution for Women"
"964","FOL",590,2019,454,NA,NA,403,112.7,530,"Folsom State Prison"
"965","SQ",599,2019,1,NA,NA,3082,0,3273,"San Quentin State Prison"
"966","FEMALE",615,2019,5033,NA,NA,3805,132.3,8644,"Female Total"
"967","INSTITUTIONS",647,2019,117747,NA,NA,89763,131.2,125538,"Institution"
"968","ASP",184,2020,3824,NA,NA,2920,131,4719,"Avenal State Prison"
"969","CAL",193,2020,2955,NA,NA,2308,128,3451,"Calipatria State Prison"
"970","CCC",202,2020,3275,NA,NA,3883,84.3,4752,"California Correctional Center"
"971","CCI",211,2020,3445,NA,NA,2783,123.8,4115,"California Correctional Institution"
"972","CEN",227,2020,3237,NA,NA,2308,140.3,3446,"Centinela State Prison"
"973","CHCF",236,2020,2575,NA,NA,2951,87.3,3111,"California Health Care Facility Stockton"
"974","CIM",245,2020,2557,NA,NA,2976,85.9,4450,"California Institution for Men"
"975","CMC",254,2020,3486,NA,NA,3838,90.8,4407,"California Colony"
"976","CMF",271,2020,2207,NA,NA,2361,93.5,2981,"California Medical Facility"
"977","COR",279,2020,3453,NA,NA,3116,110.8,4476,"California State Corcoran"
"978","CRC",288,2020,2837,NA,NA,2491,113.9,3262,"California Rehabilitation Center"
"979","CTF",297,2020,4630,NA,NA,3312,139.8,4941,"Correctional Training Facility"
"980","CVSP",314,2020,2116,NA,NA,1738,121.7,2578,"Chuckawalla Valley State Prison"
"981","DVI",322,2020,1517,NA,NA,1681,90.2,2413,"Deuel Vocational Institution"
"982","FOL",332,2020,2499,NA,NA,2066,121,3026,"Folsom State Prison"
"983","HDSP",341,2020,3461,NA,NA,2324,148.9,3461,"High Desert State Prison"
"984","ISP",357,2020,3058,NA,NA,2200,139,3300,"Ironwood State Prison"
"985","KVSP",366,2020,3580,NA,NA,2448,146.2,3622,"Kern Valley State Prison"
"986","LAC",375,2020,3068,NA,NA,2300,133.4,3400,"California State Los Angeles County"
"987","MCSP",384,2020,3917,NA,NA,3284,119.3,4207,"Mule Creek State Prison"
"988","NKSP",400,2020,1799,NA,NA,2694,66.8,4011,"North Kern State Prison"
"989","PBSP",409,2020,2432,NA,NA,2380,102.2,3361,"Pelican Bay State Prison"
"990","PVSP",418,2020,3016,NA,NA,2308,130.7,3535,"Pleasant Valley State Prison"
"991","RJD",427,2020,3645,NA,NA,2992,121.8,4038,"RJ Donovan Correctional Facility"
"992","SAC",443,2020,2316,NA,NA,1828,126.7,2545,"California State Sacramento"
"993","SATF",452,2020,4674,NA,NA,3424,136.5,5111,"California Substance Abuse Treatment Facility"
"994","SCC",461,2020,3678,NA,NA,3836,95.9,4570,"Sierra Conservation Center"
"995","SOL",470,2020,3575,NA,NA,2610,137,4010,"California State Solano"
"996","SQ",487,2020,3158,NA,NA,3082,102.5,4636,"San Quentin State Prison"
"997","SVSP",495,2020,2817,NA,NA,2452,114.9,3509,"Salinas Valley State Prison"
"998","VSP",504,2020,2919,NA,NA,1980,147.4,2954,"Valley State Prison"
"999","WSP",513,2020,2208,NA,NA,2984,74,4447,"Wasco State Prison"
"1000","MALE",530,2020,97934,NA,NA,85858,114.1,120845,"Male Total"
"1001","CCWF",572,2020,2155,NA,NA,2004,107.5,2988,"Central California Facility"
"1002","CIW",581,2020,1296,NA,NA,1398,92.7,1877,"California Institution for Women"
"1003","FOL",590,2020,138,NA,NA,403,34.2,530,"Folsom State Prison"
"1004","FEMALE",604,2020,3589,NA,NA,3805,94.3,5395,"Female Total"
"1005","INSTITUTIONS",636,2020,101523,NA,NA,89663,113.2,126240,"Institution"
